Workbook

Sheet Ventas_Raw
A1: ID_Transaccion | B1: Fecha | C1: Mes | D1: Categoria | E1: Canal | F1: Region | G1: Monto
A2: 1001 | B2: 2024-07-01 | C2: Julio | D2: electronica | E2: web | F2: RM | G2: 85000
A3: 1002 | B3: 2024-07-01 | C3: Julio | D3: Hogar | E3: Web | F3: Valparaíso | G3: 45000
A4: 1003 | B4: 2024-07-02 | C4: Julio | D4: Moda | E4: app | G4: 25000
A5: 1004 | B5: 2024-07-02 | C5: Julio | D5: Deportes | E5: App | F5: Biobío | G5: 95000
A6: 1001 | B6: 2024-07-01 | C6: Julio | D6: electronica | E6: web | F6: RM | G6: 85000
A7: 1005 | B7: 2024-07-03 | C7: Julio | D7: ELECTRONICA | E7: Web | F7: RM | G7: 120000
A8: 1006 | B8: 2024-07-03 | C8: Julio | D8: hogar | E8: app_mobile | F8: Coquimbo | G8: 35000
A9: 1007 | B9: 2024-07-04 | C9: Julio | D9: Moda | E9: Web | G9: 68000
A10: 1008 | B10: 2024-07-05 | C10: Julio | D10: deportes | E10: web_site | F10: RM | G10: 42000
A11: 1009 | B11: 2024-07-05 | C11: Julio | D11: Electronica | E11: App | F11: Antofagasta | G11: 110000
A12: 1010 | B12: 2024-07-06 | C12: Julio | D12: Hogar | E12: Web | F12: RM | G12: 28000
A13: 1004 | B13: 2024-07-02 | C13: Julio | D13: Deportes | E13: App | F13: Biobío | G13: 95000
A14: 1011 | B14: 2024-08-01 | C14: Agosto | D14: Electronica | E14: Web | F14: RM | G14: 92000
A15: 1012 | B15: 2024-08-01 | C15: Agosto | D15: Hogar | E15: App | F15: Valparaíso | G15: 54000
A16: 1013 | B16: 2024-08-02 | C16: Agosto | D16: Moda | E16: Web | F16: RM | G16: 31000
A17: 1014 | B17: 2024-08-03 | C17: Agosto | D17: Deportes | E17: App | G17: 88000
A18: 1015 | B18: 2024-08-04 | C18: Agosto | D18: Electronica | E18: App | F18: RM | G18: 65000
A19: 1016 | B19: 2024-08-05 | C19: Agosto | D19: Hogar | E19: Web | F19: Los Lagos | G19: 78000
A20: 1017 | B20: 2024-08-06 | C20: Agosto | D20: Deportes | E20: Web | F20: RM | G20: 49000
A21: 1018 | B21: 2024-08-07 | C21: Agosto | D21: Moda | E21: App | F21: RM | G21: 22000

Sheet Ventas_Limpias
A1: ID_Transaccion | B1: Fecha | C1: Mes | D1: Categoria | E1: Canal | F1: Region | G1: Monto | H1: Clasificación_Venta
A2: 1001 | B2: 2024-07-01 | C2: Julio | D2: Electrónica | E2: Web | F2: RM | G2: 85000 | H2: =IF(G2>75000, "Alta", IF(G2>=30000, "Media", "Baja"))
A3: 1002 | B3: 2024-07-01 | C3: Julio | D3: Hogar | E3: Web | F3: Valparaíso | G3: 45000 | H3: =IF(G3>75000, "Alta", IF(G3>=30000, "Media", "Baja"))
A4: 1003 | B4: 2024-07-02 | C4: Julio | D4: Moda | E4: App | F4: No especificado | G4: 25000 | H4: =IF(G4>75000, "Alta", IF(G4>=30000, "Media", "Baja"))
A5: 1004 | B5: 2024-07-02 | C5: Julio | D5: Deportes | E5: App | F5: Biobío | G5: 95000 | H5: =IF(G5>75000, "Alta", IF(G5>=30000, "Media", "Baja"))
A6: 1005 | B6: 2024-07-03 | C6: Julio | D6: Electrónica | E6: Web | F6: RM | G6: 120000 | H6: =IF(G6>75000, "Alta", IF(G6>=30000, "Media", "Baja"))
A7: 1006 | B7: 2024-07-03 | C7: Julio | D7: Hogar | E7: App | F7: Coquimbo | G7: 35000 | H7: =IF(G7>75000, "Alta", IF(G7>=30000, "Media", "Baja"))
A8: 1007 | B8: 2024-07-04 | C8: Julio | D8: Moda | E8: Web | F8: No especificado | G8: 68000 | H8: =IF(G8>75000, "Alta", IF(G8>=30000, "Media", "Baja"))
A9: 1008 | B9: 2024-07-05 | C9: Julio | D9: Deportes | E9: Web | F9: RM | G9: 42000 | H9: =IF(G9>75000, "Alta", IF(G9>=30000, "Media", "Baja"))
A10: 1009 | B10: 2024-07-05 | C10: Julio | D10: Electrónica | E10: App | F10: Antofagasta | G10: 110000 | H10: =IF(G10>75000, "Alta", IF(G10>=30000, "Media", "Baja"))
A11: 1010 | B11: 2024-07-06 | C11: Julio | D11: Hogar | E11: Web | F11: RM | G11: 28000 | H11: =IF(G11>75000, "Alta", IF(G11>=30000, "Media", "Baja"))
A12: 1011 | B12: 2024-08-01 | C12: Agosto | D12: Electrónica | E12: Web | F12: RM | G12: 92000 | H12: =IF(G12>75000, "Alta", IF(G12>=30000, "Media", "Baja"))
A13: 1012 | B13: 2024-08-01 | C13: Agosto | D13: Hogar | E13: App | F13: Valparaíso | G13: 54000 | H13: =IF(G13>75000, "Alta", IF(G13>=30000, "Media", "Baja"))
... A19: 1018 | B19: 2024-08-07 | C19: Agosto | D19: Moda | E19: App | F19: RM | G19: 22000 | H19: =IF(G19>75000, "Alta", IF(G19>=30000, "Media", "Baja"))

Sheet Análisis_Ventas
A1: ANÁLISIS DE VENTAS CON FÓRMULAS EXCEL - BYRON CALDERÓN (ANALISTA DE DATOS)
A3: 1. Ventas Totales por Categoría (SUMAR.SI)
A4: Categoría | B4: Ventas Totales ($)
A5: Electrónica | B5: =SUMIF(Ventas_Limpias!D$2:D$50, "Electrónica", Ventas_Limpias!G$2:G$50)
A6: Hogar | B6: =SUMIF(Ventas_Limpias!D$2:D$50, "Hogar", Ventas_Limpias!G$2:G$50)
A7: Moda | B7: =SUMIF(Ventas_Limpias!D$2:D$50, "Moda", Ventas_Limpias!G$2:G$50)
A8: Deportes | B8: =SUMIF(Ventas_Limpias!D$2:D$50, "Deportes", Ventas_Limpias!G$2:G$50)
A9: Total General | B9: =SUM(B5:B8)
A11: 2. Ticket Promedio por Canal (PROMEDIO.SI)
A12: Canal | B12: Ticket Promedio ($)
A13: Web | B13: =AVERAGEIF(Ventas_Limpias!E$2:E$50, "Web", Ventas_Limpias!G$2:G$50)
A14: App | B14: =AVERAGEIF(Ventas_Limpias!E$2:E$50, "App", Ventas_Limpias!G$2:G$50)
A16: 3. Transacciones Mayores a $50.000 (CONTAR.SI)
A17: Métrica | B17: Cantidad Transacciones
A18: N° Transacciones > $50,000 | B18: =COUNTIF(Ventas_Limpias!G$2:G$50, ">50000")

Sheet Dashboard
A1: DASHBOARD DE VENTAS QUICKSHOP — BYRON CALDERÓN (ANALISTA DE DATOS)
A2: Filtro de Informe (Mes): Todos [Julio, Agosto]
A4: Categoría | B4: Web ($) | C4: App ($)
A5: Electrónica | B5: =SUMIFS(Ventas_Limpias!G$2:G$50, Ventas_Limpias!D$2:D$50, "Electrónica", Ventas_Limpias!E$2:E$50, "Web") | C5: =SUMIFS(Ventas_Limpias!G$2:G$50, Ventas_Limpias!D$2:D$50, "Electrónica", Ventas_Limpias!E$2:E$50, "App")
A6: Hogar | B6: =SUMIFS(Ventas_Limpias!G$2:G$50, Ventas_Limpias!D$2:D$50, "Hogar", Ventas_Limpias!E$2:E$50, "Web") | C6: =SUMIFS(Ventas_Limpias!G$2:G$50, Ventas_Limpias!D$2:D$50, "Hogar", Ventas_Limpias!E$2:E$50, "App")
A7: Moda | B7: =SUMIFS(Ventas_Limpias!G$2:G$50, Ventas_Limpias!D$2:D$50, "Moda", Ventas_Limpias!E$2:E$50, "Web") | C7: =SUMIFS(Ventas_Limpias!G$2:G$50, Ventas_Limpias!D$2:D$50, "Moda", Ventas_Limpias!E$2:E$50, "App")
A8: Deportes | B8: =SUMIFS(Ventas_Limpias!G$2:G$50, Ventas_Limpias!D$2:D$50, "Deportes", Ventas_Limpias!E$2:E$50, "Web") | C8: =SUMIFS(Ventas_Limpias!G$2:G$50, Ventas_Limpias!D$2:D$50, "Deportes", Ventas_Limpias!E$2:E$50, "App")
A9: Total | B9: =SUM(B5:B8) | C9: =SUM(C5:C8)

Sheet Conclusiones
A1: INFORME EJECUTIVO Y CONCLUSIONES ANALÍTICAS — BYRON CALDERÓN
A3: INFORME EJECUTIVO: ANÁLISIS DE VENTAS Y OPORTUNIDADES EN QUICKSHOP Analista de Datos: Byron Calderón 1. Categoría e Ingresos Principales: La categoría de Electrónica genera los mayores ingresos globales (superando los $370,000 en el periodo), siendo el canal Web el principal motor impulsor para compras de mayor valor unitario. 2. Patrón de Ticket Promedio (Web vs App): Se observa una clara diferenciación en el comportamiento del consumidor: el canal Web registra un ticket promedio superior ($67,429 vs $59,500 en App), debido a que los clientes prefieren pantallas grandes para evaluar especificaciones técnicas de productos de tecnología y hogar. Por su parte, la App genera mayor frecuencia de compra en montos menores/medianos (Moda y Deportes). 3. Calidad de Datos y Resolución: Encontramos 3 problemas críticos: duplicidad de IDs transaccionales (ej. ID 1001 y 1004), inconsistencia de nombres por espacios/minusculas ('electronica', 'Hogar '), e imprecisión en Canales ('app_mobile', 'web_site') y Regiones nulas. Fueron resueltos por Byron Calderón eliminando duplicados exactos, estandarizando texto con TRIM/PROPER, unificando canales a 'Web'/'App' e imputando regiones vacías como 'No especificado'. 4. Recomendaciones Basadas en Datos: - Recomendación 1: Optimizar la experiencia UI/UX de la App móvil para productos de alta gama (Electrónica), incorporando comparadores de especificaciones para elevar el ticket promedio móvil. - Recomendación 2: Implementar campañas de retención y cross-selling regional focalizadas en la Región Metropolitana y Valparaíso, incentivando la segunda compra mediante cupones post-venta.
